alexandria, ghcr.io/ocicl/alexandria@sha256:2204779a9711f65532863abc61e9644c2a5a6839c4544516f19d04b699af8a7a, alexandria-20240125-8514d8e/alexandria.asd
parachute-prove, ghcr.io/ocicl/parachute@sha256:1a000cd986259b857ede11939a8172277be4305247527d86a3e96859881500ec, parachute-20231014-9d66038/compat/parachute-prove.asd
parachute-lisp-unit, ghcr.io/ocicl/parachute@sha256:1a000cd986259b857ede11939a8172277be4305247527d86a3e96859881500ec, parachute-20231014-9d66038/compat/parachute-lisp-unit.asd
parachute-fiveam, ghcr.io/ocicl/parachute@sha256:1a000cd986259b857ede11939a8172277be4305247527d86a3e96859881500ec, parachute-20231014-9d66038/compat/parachute-fiveam.asd
parachute, ghcr.io/ocicl/parachute@sha256:1a000cd986259b857ede11939a8172277be4305247527d86a3e96859881500ec, parachute-20231014-9d66038/parachute.asd
multilang-documentation-utils, ghcr.io/ocicl/documentation-utils@sha256:b2a1b3f3bcd1a738af85ae2b0168d408c177661eab6d6bbebb254e394d983f54, documentation-utils-20230511-98630dd/multilang-documentation-utils.asd
documentation-utils, ghcr.io/ocicl/documentation-utils@sha256:b2a1b3f3bcd1a738af85ae2b0168d408c177661eab6d6bbebb254e394d983f54, documentation-utils-20230511-98630dd/documentation-utils.asd
trivial-indent, ghcr.io/ocicl/trivial-indent@sha256:6fe5b8470816a715113c0f123d41d52fc2782309fd5fc33a494dd887c6c677ce, trivial-indent-20230809-b5d490f/trivial-indent.asd
trivial-custom-debugger, ghcr.io/ocicl/trivial-custom-debugger@sha256:b140bab2b1a923705a71e09cd40187cc0efebbe2ebf63223ae2ec2a968eeb8b7, trivial-custom-debugger-20230814-802473c/trivial-custom-debugger.asd
form-fiddle, ghcr.io/ocicl/form-fiddle@sha256:af4af44d88dc68ca2b86a2c906ef9e632063a4d52aa68577a5fba8230f07d1f3, form-fiddle-20230809-3bd0dfd/form-fiddle.asd
trivial-ed-functions, ghcr.io/ocicl/trivial-ed-functions@sha256:e801a0753a08abfbcaa88224bab551f6af04798d10c5c86399687456e7a7ed9c, trivial-ed-functions-20230808-21502e0/trivial-ed-functions.asd
